"","AlignID","Factor","tmean","FoundIn","5_Process_blank","16_QC","22_QC","29_QC","33_QC","34_QC","8_QC","9_QC","11_Young_BR1_TR1","12_Mature_BR2_TR2","13_Sapling_BR2_TR1","14_Sapling_BR1_TR3","15_Sapling_BR2_TR2","17_Young_BR1_TR3","18_Mature_BR1_TR3","19_Mature_BR2_TR1","20_Mature_BR1_TR2","21_Young_BR2_TR1","24_Young_BR2_TR2","25_Sapling_BR2_TR3","26_Mature_BR1_TR1","27_Young_BR1_TR2","28_Mature_BR2_TR3","30_Sapling_BR1_TR1","31_Sapling_BR1_TR2","32_Young_BR2_TR3"
"2",8,"Factor #8",3.0231,26,1325.042,33997,2185.207,2246.264,2337.546,33783,2131.978,3823.775,35905,36028,36500,1842.182,32368,3726.688,34505,3717.268,3413.127,32268,35518,4098.546,34380,36242,2859.036,33275,1979.822,31645
"3",15,"Factor #15",3.0335,26,31422,2259.038,2329.846,2652.184,2202.857,2183.924,2504.379,2525.106,2353.196,30621,1906.838,1965.445,2278.615,1951.564,29987,1951.424,1759.546,2581.463,2345.76,2510.672,31271,30558,2629.91,2167.416,2060.168,2826.571
"4",40,"Factor #40",3.0354,26,72.88175,89.48372,89.89018,115.5873,34386,83.99218,33438,96.15468,104.1204,76.07331,79.7648,75.16002,70.88464,69.71307,73.42818,55.17434,33834,94.89284,68.35952,92.05123,68.62856,73.73423,33976,71.68485,67.75548,93.84537
"5",42,"Factor #42",3.0367,26,562.5445,655.9425,661.0216,700.9677,676,666.7604,646.3789,421.8088,613,632.2484,651.0076,647.3256,585.5314,450.4953,632.5906,709.8898,597.5393,700,537.519,460.0693,616.3797,669.9624,760.4927,640.3882,744.7278,664.435
"6",41,"Factor #41",3.0435,26,91.57296,1405.08,497.7253,292.0998,517.3291,591.7993,867.9222,1818.437,84.79091,39.71167,231.6687,391.2938,7550,2240.769,1828.251,2865.432,2325.25,47.33171,95.63476,2834,268.6635,305.1762,583.4545,3191,464.5638,3157.221
"7",13,"Factor #13",3.044,26,362.9888,4335.278,2496.006,2633.314,2469.294,2228.093,3886.45,33137,2555.072,3259.852,2771.609,1300.224,5188.349,33749,4692.861,4482,5307,2741.734,3488.669,7226.919,3058.919,2489.581,3312.486,3989,1882.297,6751.518
"8",23,"Factor #23",3.091,26,901.2212,5149,1727.748,2633.314,2294.373,1586.953,4483.606,4562.539,2186.806,2885.737,4421.534,1369.243,8891.976,5600.27,4880,4130.686,5307,1970.455,3268.444,3927.388,2822.681,3784.473,3119.109,3909.065,2410,4166.953
"9",9,"Factor #9",3.1038,26,612.9689,5149,1727.748,2157.307,1995.898,1568.229,4560,4143,2159.15,4449,4422,1290.945,8379,4713.925,4880,4024.456,4954.819,3745.193,2804.64,3515.102,2300.99,3898,5083.027,3457.873,2334.664,4517.554
"12",26,"Factor #26",3.1669,26,692.0038,1718.193,1528.871,1951,1914.696,1955,1536.245,1288.425,2600,2719.93,1576.365,1770,2009.924,1368.804,2042.15,1449.244,1876.482,3058.363,3141.41,1451.086,2928.29,2174.783,2694.171,1543.492,1336.605,2475.023
"13",11,"Factor #11",3.1877,26,658.7766,4304,1636.042,3805.137,1887.986,1469.068,3861.781,2942.169,4125,5272,3964,2136,4587,4054.119,3994,3624.282,4154.62,4575,4885,2900.112,4495,3757.699,5146,2937.405,1907.55,16967.35
"15",16,"Factor #16",3.2463,26,469.5326,3663.298,1183.993,4053,2658,2135.755,3808.891,5230.536,3265,4151,4019.507,1727.359,3320,4003.685,3589.343,16441.22,3597.152,3300,4488,15256.39,3946.541,3144,5146,17190.18,1585.26,17115.66
"17",35,"Factor #35",3.2679,26,485.3511,3154.401,1072.63,2610.6,2831,2201.912,3063.061,15344.34,2857,4393.723,4712.732,1606.106,3369.98,14959.77,3508.856,4455.372,4605.666,3777,4487.707,14667.23,3946.541,3607.399,5066.819,21401.22,1863.735,11753.15
"18",20,"Factor #20",3.2712,26,429.0356,12948.5,1055.753,3733.514,2831.293,2057,7716.194,16552,3539.672,4151,3485.489,1874.418,2800.307,9073,16292.05,12175.74,8816,3985.885,4351.115,18876,3926.983,3143.829,4447.525,22216.46,3252.611,5218.956
"19",45,"Factor #45",3.2967,26,323.3351,2630.918,1182.083,2604,2664,2217.22,2574,3325.22,2695,1227.334,7943,1476.291,6761,3506,1417,1048.842,2235.785,1143.861,1577.507,6086,1995.855,2082,1092.938,1666,1141.362,1486
"20",33,"Factor #33",3.3021,26,5896.357,7786.525,797.5758,3255.473,2640.338,2165.525,7716.194,6678.939,3159.573,3917.726,6313.242,1605.157,5283.641,20206.21,3133.1,7343.664,13489,2570.627,3679.71,16182.14,2871,2097.742,3586.421,8553.711,16532.12,1362
"21",46,"Factor #46",3.3085,26,222.8142,2804.149,1351.613,2667.4,2663.724,2217.22,2574,2863.771,2316,1147.051,6078,1338.837,6761,2845,1550.485,795.2226,1914.85,1473.188,1537.064,5833.394,1823.754,1632.621,1296.563,1470.521,1034.933,1379.32
"27",7,"Factor #7",3.3608,26,8890,21189,2022.937,2351.712,2338.246,1117.784,16279.3,16552.49,2202.518,21283.24,24791.39,1579.927,1294.678,24574.35,21877.51,2936.575,20477.77,12917.43,2349.256,3914.222,3012.244,28549.67,29778.01,18306.12,32955,487.0739
"29",50,"Factor #50",3.3952,26,2723.697,2116.184,1207.95,7510.077,999.8782,827.0348,1720.537,801.5612,10942.83,17022.83,20030.04,29271.18,592.9586,1832.813,1899,916.8341,1781.128,4766,20729,731.0288,33217,13960,25677,1356.45,23220.16,658.13
"31",6,"Factor #6",3.4054,26,8890.036,11284.04,2005.341,1433.432,1997.281,1177.117,10908.71,2334.034,23442.18,25359,24791,22892.1,1892.594,474.2281,8627.633,505.5623,3634.387,24964,28202,595.3521,33217.37,28549.67,31985,1966.258,30756.76,697.1456
"32",21,"Factor #21",3.4588,26,1124.173,972.795,1492.829,27985,31121.16,1151.243,892.7631,778.8969,23442.18,12607.78,2658.307,32460,1807.073,786.6754,909.5923,738.3723,819.13,20098.23,28201.62,653.0709,33217.37,1828.521,10874.83,616.6029,1113,1006.337
"33",24,"Factor #24",3.4737,26,818.3322,925.011,1560.954,20476.64,17752,14059.11,792.4301,122.3687,12587.27,1389.038,1048.765,3712,1675.443,186.0164,426.3571,738,213.6985,1012,1890,675.5955,7003.035,608.3177,1047.475,401.6745,1063.209,1032
"34",37,"Factor #37",3.5013,26,647.7016,883.7967,1402.536,29669.2,3279.86,1207.515,779,226.7487,1331.715,1810.117,1255.634,12424.57,1400.968,193.3943,456.4235,726,320.13,1765.365,1727,893.9059,2285.757,441.958,1257.893,575.4574,902.2486,957.3016
"36",28,"Factor #28",3.5667,26,519,1321.748,1690,1007.494,2626.133,2804,779.2576,1246.996,1174.68,1095.508,1091.209,1214.778,16222.64,930.3304,859.9912,1609.181,674,838.7905,1387.644,1442.07,567.5732,718,979.7288,863.4497,902.2486,1132.734
"37",19,"Factor #19",3.5681,26,357.1085,1366.907,2070.681,1794.769,2880.546,20323,890,1453.2,1188.44,1300.222,1021,1391.32,17476,694,377.3829,1627.918,856.8875,593.3832,1423.559,1053,732.9798,797,1049.17,844,771,1738.202
"39",30,"Factor #30",3.6083,26,357.1085,1790.635,30737,1073.015,1451.746,1833.102,1610.964,1711,1188.44,1810.734,1133.925,1018.818,2800.879,1596.349,1481.842,1609.181,1147.602,1088.151,1285.833,1539.392,733,1049.449,1244.021,896.2191,766.4576,17375.76
"40",36,"Factor #36",3.6223,26,382.1007,1683.921,34512,1022,1174.85,1524.871,1630.825,2118.127,1162.402,1666.992,1259.871,823.2577,2867.925,1762.973,1429.42,1996.261,822.9564,900,1700.003,1595.703,919.6491,930.8685,1778.921,706.1071,773.343,13806.55
"41",10,"Factor #10",3.6388,26,300.8996,1548,34556,1073,847.5267,1579.004,2055.196,1830,1506,1653,1573,1019,3532.123,1498,1782,2004,1368,1549,2011.814,1570,1335,1305,1827,970.6953,716,27481
"42",14,"Factor #14",3.6787,26,306.1784,1792,18394.17,1344,814.0589,1720.904,2203.903,17351,2099.69,2306.115,2357.605,784.1211,3778.456,15170.56,1520,18039.93,6878.973,2035.544,2545.342,16150,1599,1305,1923,15247.56,779.0609,16834.64
"44",56,"Factor #56",3.7031,26,13274.52,66203.79,795.6423,352.6068,294.9748,24.93622,76019.53,99362,453.8131,239.463,485.7255,200.0838,3652.579,89925.84,57373.06,123418,62924.69,498.9171,612.103,146040,449.8019,362.9103,457.8706,133546,9245.303,3741.138
"45",60,"Factor #60",3.7348,26,3180.485,1455,1610.131,1146.194,1054.951,1240.937,4341.644,4681.566,1452.469,2339.725,3565,705.9116,2673.852,1870,3302.963,5229.503,2750.099,1524.049,1651.037,2712,1232.404,5786.178,1764.039,5762.255,1278.306,2069.122
"46",53,"Factor #53",3.735,25,111924,78636,142.1249,140.7754,139.2256,109.507,95796,99362,0,34536.26,86186,80.78768,1956,89926,66384,4383,62925,2836.695,184.4121,5472.849,143.4861,127469,41494.12,135213,61791,2910.003
"47",3,"Factor #3",3.735,26,11446.6,15530.23,2180.763,1653,1461,2058,19294,23699,2100,2679,2335,982,4712,17513.61,13992.04,15157.04,11299.23,1969,2947.468,12846.92,2318.515,8610,9797,15085,4811,5327.488
"48",25,"Factor #25",3.769,26,8211.946,15312.57,2318.741,2404.268,1666,2078,6429,11996.29,8163.833,14541.84,14150.9,982,4711.672,15538.87,13812.47,4084.746,11169.89,12437,24282.63,4135.22,12910.87,19720,18010.37,9356.521,10088.08,4933.944
"49",2,"Factor #2",3.7758,26,10949.13,12020,2318.023,2341,2264.078,2078,18271.37,3910.976,14987,14988,14309,942,7985,7677.831,12815,4053.205,9181.817,9191,23714.16,4280.367,17179,20507,17965,2320.012,10092.6,8671.154
"51",54,"Factor #54",3.8162,26,3656,3028.326,308.8327,106210.6,3736.899,332.5257,3008.904,2753.606,75254,67964.06,3272.561,63123,847.1864,2972.648,2938.372,2670.609,2953.794,78159,153749.1,3255.067,101999,4155.185,90236,4215.389,38571.05,1433.479
"52",61,"Factor #61",3.8256,26,175.9739,2092.339,1323.507,1613,1530.391,1514.654,1930.782,2289.641,2382,2651,2325.466,797,813.013,2457.835,2076.742,2429.725,2191.853,2095,3025,2781.023,2123.016,1716.353,2242.202,1151.315,378.3156,6752.036
"53",55,"Factor #55",3.8648,26,1182,1022.952,324.8703,107068,61381,68088.06,1006.286,897.9834,66077.69,2733.885,2792.45,48764.17,595.6379,1414.734,1072.108,1104,1244.655,3010.167,66023.71,1724.141,90894.81,2445.858,2563.437,1040.942,814.9689,1720.646
"54",5,"Factor #5",3.874,26,621.4349,5450.619,2912,31813,10932,23460.67,5098.774,12327.83,43201,5388.953,4981.555,21451.62,1450.962,10904.75,5265.549,12256,5291,7240.115,10630.95,9858,35779.02,4143.558,5940.423,5332.933,1736.723,13963
"55",17,"Factor #17",3.9008,26,403.5638,9309.363,2945.349,16363,12975,20528,8375.811,12368.23,5003.746,5839.627,5268.969,2544.094,1044.508,14436.23,10234.61,12256,12326.61,5352.352,5735.643,10137.24,5573.729,4167.152,6453.204,4939,1737.585,743.8123
"56",59,"Factor #59",3.9087,25,809,859.9788,28.64429,1675.98,2608.662,61303.95,707.4907,405.1083,1407.243,0,901,1132.817,259.3787,602.1442,695,786.6066,590.4444,1758.441,1967.894,752,1989.93,925.7322,1363.114,1198.944,756.691,310.9476
"57",1,"Factor #1",3.9379,26,329.5679,12487,2988,4782.848,4313.576,12574,11695,12368,4982.467,11451.97,13216,2081.993,447.0547,14436,13181,10916.43,12327,7247.253,6330.693,293.7269,5418.419,9020,11304.92,5354.923,3196,743.8123
"58",57,"Factor #57",3.9552,26,595.2964,1016.27,101438,1241.11,2166.077,2452.259,769.9981,448.3213,1054.361,676,869.3183,696,277.0791,714.5963,695.1367,601,315.4677,953.859,1175.564,623,1417.156,621,936.3029,699,376.0687,218.499
"59",58,"Factor #58",3.9715,26,333.9697,575.8219,78439.57,1358.919,1605.47,2439.734,796.0555,380.1825,628,865.5922,1054.311,1088.716,173.9625,484.5213,788.5842,602.0011,271.8885,875.5292,1099,574.2991,801,896.7733,1114.345,668.745,279.6346,216.6917
"60",18,"Factor #18",4.004,26,137.3114,197.6397,19138,8363.038,5074.643,4380.116,7276.271,1.146438e-09,11683.17,14887.94,13216.24,4232.378,3.194615e-10,52.38362,7122.887,2.534932e-08,11.03988,12829,13871.13,297.8908,13048,9020.226,14941,132.7701,303.4564,4.935792e-10
"61",4,"Factor #4",4.0288,26,141.3404,222.1145,5786.78,10693,10902,4861.016,47.28081,24.16347,11683,280.3704,174.9741,4232,26.31407,61.30395,1.578435e-09,1.928322e-08,12.06165,12829.45,13871,28.95404,13048,269.362,14940.79,265.5677,316.801,14.95451
"62",71,"Factor #71",4.514,26,292,10012.72,4.395162,6.98588,6.816995,6.430931,5622.485,6867.411,6.101757,1670.491,1498.599,5.833809,2200.145,4291.629,1556.08,89234.21,2165.74,1666.557,4228.041,96614.93,2579.754,3756.982,4220.472,4019.279,1267,136153
"63",64,"Factor #64",4.5746,26,6980.965,105492.5,1.742737,6804.029,5540.973,3.275717,78880.48,104421,2996.614,15125.44,56271.36,6053.263,2200,69877,129851.4,92383,97622,10094.85,14165.28,101170,6252.814,82357.45,7240.999,41923.72,10840.54,122924.6
"64",62,"Factor #62",4.5958,26,11270,105492,4.955292,6804.029,8720.524,3761.836,78880,75412,5968.748,157263,70558,6053.263,1704.618,95794,129851,89234,137010,158475,146601.2,80368,82397.88,97982,168370,41924,16424,4757
"65",68,"Factor #68",4.6352,26,4652.014,88361.62,3143.789,6170.519,7851.201,4065.201,2293.526,2107,30573.49,146305.5,56271.36,20508.03,643.2118,41670.89,7411,1710.479,94369.49,158475,146601.2,1909.389,84908.77,69558.77,102765.2,17376.86,8571.451,2643.657
"66",63,"Factor #63",4.6462,26,11269.89,74977.44,6069.025,114845.4,73158.07,5029.985,63379.76,2328,30573,146305,37516,26706,575,16454.48,8977,1468,6475,160906,197640,5696.098,199310,97982.24,63157,8896.2,16424.11,2742.587
"67",65,"Factor #65",4.6781,26,714,1347,10580.09,114845,105372,64831.41,1105,2328,52710,4165,13212.16,26706,247.1533,1396,1785,2342.089,1384.302,75925,136326.7,1312,133507,10456.18,7478,884,5944.113,973
"68",69,"Factor #69",4.6883,26,913.8298,1697.096,10580.09,110780.1,104810.5,55544.38,2453.427,1260,3649.774,1735.985,982,16204.45,333.7806,1212,1955.019,1379.384,1145.822,4058.956,2951.368,1534.498,46752.59,1163.246,7477.766,1464.351,1422.909,749
"69",66,"Factor #66",4.7348,26,751.8572,743,161630,1920,1727,67202,896,653,706,1486,949,3587.393,189.8601,962.5955,816.4016,714,1095,3731.753,1870,872,1793,769,2881.977,648,430,584.6643
"70",72,"Factor #72",4.7481,26,600.784,748.7163,161432.5,2364.524,1488.695,4853.712,826.845,493.2726,761.6402,1597.669,648,2372.226,8.454137,432.9529,826.0778,614.5446,899,998.0236,2951.368,871.5768,1793,823.8758,1149.106,623.3968,506.4579,482.8953
"71",67,"Factor #67",4.7706,26,193.8888,402.2891,141567.8,1577,1606.108,4070,482.13,466.0678,1079.065,590,629,1300.605,7.847834,358.5147,805.9271,476.7657,704,998,869,573.7112,1361,889.8543,564,478.9761,429.9423,428.9447
"72",70,"Factor #70",4.816,26,193.8888,402.2891,4160,1363.157,1488.695,1033,380.1636,247.8677,209.8115,631.0096,554.3523,535.6004,6.864128,124.3906,322.0088,286.6183,367.9513,819,1206.02,67.29091,935,289.8033,870.2563,211.276,237.1897,98.20226
"73",73,"Factor #73",5.1556,26,114.7538,549,161.8061,526,455.6537,50.37774,166.3375,259.5761,370.3041,433.154,567,553,632,586,513,809,523,865,488,587,487,606,543,503.7681,513,380.1973
"74",74,"Factor #74",5.379,26,4.693943,728,595,100.2971,390.1773,559,713,644,101.2774,1183,32.58665,276.6347,47.48922,11.95962,1285,219.2514,1284,544,607,42.52328,1042,235.6167,866,170.2761,308.0824,504.3042
"75",75,"Factor #75",5.4938,26,21.67303,3220,1831,2141,2816,1721,2547,2790,2078,3144.722,186.445,3488,131.3041,1722,709,1497,755,6422,8429,150.3206,901.9483,1812,3307,4146,3847,6523
"77",77,"Factor #77",5.6487,26,36.48807,6953,5502,6921,6068,4867,6932,7414,8458,2942,354.9637,25049,343.8368,9410,690,1400,656,5075,4559,263.4993,513.052,9222,1830,24196,24372,4411
"78",78,"Factor #78",5.6821,26,8.54535,5991,4759.137,2363.518,1087,1386,1375.238,2025,870,1333.157,308.9971,9348.229,343.8368,3530,689.7099,1369.467,113.7029,4603.263,1359.357,199.6823,513.052,6403.311,1749.679,23611.76,15701.17,4154.255
"81",81,"Factor #81",5.8617,26,9.798273,8.438213,202.8779,104.2651,28.10852,52.30779,118.8345,233.0788,59.81581,8.382962,9.494002,765,67.0363,88.48336,9.360602,130.7737,65.92315,60.58901,148.0594,8.231938,8.352623,8.695703,8.867964,743,705,71.46085
"82",82,"Factor #82",5.9294,26,2959,1329,36.74478,1999.154,888.5461,67.53499,2514,1835,1867,1508,1689,2408,115.5379,1486,1049,1423,752,1210,3798,1705,2457,2732,1919,1487.08,2081,1000
"83",83,"Factor #83",5.9771,26,2065.756,123.8965,1581.087,1999,1270,996,243.6103,174.9293,1866.502,1530.304,227.5499,2407.854,85.3098,158.4604,263.9408,180.8666,82.03752,1253.664,3797.563,148.5245,2456.976,2441.723,1918.885,250.6157,315.7143,170.0577
"85",84,"Factor #84",6.1758,26,67.231,138956,102759,13832,43337,84299,144986,142901,127725,197175,59282,48358,55612,116545,188817,55286,212824,99185,98150,47528,157376,100165,128479,41376,40373,80452
"86",86,"Factor #86",6.3198,26,140.1385,800690,612786,111249,297239,510052,840708,835983,638937,1167680,327108,344900,303029,576616,1146444,371593,1274437,578741,592775,263856,1018133,511283.5,827056,309190,321523,499225
"87",87,"Factor #87",6.4298,26,25.17949,20276.05,33026,3396.983,9296.255,28891,24615.6,24757.81,19352.64,32750.44,8937.2,11603.56,8503.915,14863.58,32969,11046.22,34126.59,16615.2,20315,8281.883,33017.06,16293.54,24663.23,8918.481,9234.989,12709.47
"88",88,"Factor #88",6.4304,26,21.23386,44973,73407.93,7741.328,20092.96,63118.72,54739,55181,43139,74446.37,19086.19,25918,18283,30410.29,74472.37,23657.26,76687.56,37663.74,45197,18507.24,73765,36909.64,55031,20044.69,19946.96,29141.7
"89",90,"Factor #90",6.6065,26,44.27422,120980.8,91430.06,18233.88,46288,74846.38,128681.5,127484.8,93557.53,163468.6,89231,51207,81977.04,84937.84,160102.3,44696,177966.2,78585,81741.45,67784.37,132533,70641.81,106258.1,42446.22,44345.54,67487.18
"90",89,"Factor #89",6.6065,26,45.80632,120981,91430,18234,46288,74846,128682,127485,93558,163469,89230.61,51207,81977,84938,160102,44696,177966,78585,81741,67784,132533,70642,106258,42446,44346,67487
"93",94,"Factor #94",6.7085,26,14.25042,6805.754,10231.77,1322.14,2960.124,8813,8643,8530.034,6096.054,10005.81,4979.539,3752.525,5047.559,4970.557,9832.085,3041.766,10019.52,4917.206,6248.327,4666.797,9356,4844,6691.309,2721.803,2820.224,3856.064
"94",93,"Factor #93",6.7113,26,16.80693,6805.539,10232,1119.151,2940.672,8812.969,8643.31,6689,6097,10013.75,4965,1748,2519,5361.732,9842,3025.645,10030,4920.405,6250,3777,9356,5026,6691,2967.247,2759.316,2969
"98",98,"Factor #98",7.1337,26,97.13593,249666.7,185798.7,28811,78064.28,150012.7,264761,261924.9,68293.08,461688.6,100934,40414.48,92811.82,61613,451983.2,118055,512632.2,162879,165530.4,79712.36,365349.9,50726.46,280057.3,34127.93,35876.69,134457
"99",97,"Factor #97",7.1337,26,97.13593,249667,185799,28811,78064,150013,264761,261925,68293,461689,100934,40414,92812,61613,451983,118055,512632,162879,165530,79712,365350,50726,280057,34128,35877,134457
"102",101,"Factor #101",7.3335,26,55.0233,55683,38553,4150,11396,30934,58157,56805,29825,94810,15522,8081,18657,22025,90680,22192,102052,35013,40516,19797,71381,19226,54328,7193,7797,28085
"103",102,"Factor #102",7.3342,26,52.03647,55682.8,38552.89,4149.873,10833,30933.73,58156.69,56805.39,29824.85,94810,23234.54,8080.765,18656.63,22025.49,90680.04,21982.93,102052,35012.78,40515.57,19904.93,71380.51,19225.93,54327.51,7192.85,7796.922,28085.08
"105",104,"Factor #104",7.4038,26,41.91549,4153.645,6017.244,617.5663,1223.028,5164.996,5227.134,5179.296,2639.979,7440,2072.228,1163.786,1577.243,1672.142,7473,1838,7752.14,3063.436,4186.632,2077.797,6599,1797.92,4618,935.6406,598.1256,2252.441
"107",106,"Factor #106",7.4946,26,11.19877,1124,674,637,880,590,1000,1153,1312,673.2051,143.8133,2727,143.0046,1484,262.9717,242.6287,392.2159,703.7136,672.5076,96.80275,315.6786,1413,242.4966,2826,2717,555
"108",108,"Factor #108",7.6312,26,19.50689,3980,2712,712,1090,2480,4077,4061,6146,4187,2742,907,2695,5741,4115,1014,4474,2846,2660,2349,3139,5044,2578,902,846,2192
"109",109,"Factor #109",7.7138,26,34.53083,335.379,258.7822,110.0036,89.62804,161.7694,383.8476,328.87,241.5356,447,113.4697,77.49876,102.0013,227.2136,551.7663,153.9747,605,202.3892,212.5851,91.84177,530,223.3382,349.399,101.6405,83.67448,142.8769
"110",110,"Factor #110",7.8638,26,65.04253,21950,17554,4751,7539,16265,22264,21508,25080,23803,12826,8742,11685,23570,23237,6336,26796,15477,15460,10128,19098,19971,15242,8573,8818,12749
"111",111,"Factor #111",7.9319,26,17.95273,1762.457,1351.112,121.6084,622.4961,1134.953,912.0066,1766.861,1502.257,917,700.6999,549.1059,1499.745,612,981,586.1353,1152.668,1194.118,586,617.6645,861,1139.379,771.2496,539.7317,588.7663,942.3765
"112",112,"Factor #112",8.0085,26,850.8901,321758,239937,45149.31,85438,204404,367190,356719,204988,463223,131190,177215,122441.4,175726.5,397121,81487.21,453766,194871,195315,98944.66,290242,138008.6,215377,130260,145935,153424.3
"113",113,"Factor #113",8.0325,26,5802,71241.82,36486,54929,46474.44,33181.34,53739.21,55691.09,45631,57836.72,42274,138323,40190,52186,34353.95,29522,37453.29,52563.1,61993.06,36073.06,29426.39,48154,51810.71,113718.9,125053,59942
"114",116,"Factor #116",8.0981,26,221.5417,199862.2,125654,17562.67,41691.43,105442.1,216664.1,207659.1,31842,369842.9,54470.24,25199.47,49620.3,28863,353495.6,85788.51,390098.4,124729.6,125675.4,44671.84,271480.9,24133,202744.8,21393.81,22914.1,101105.4
"115",114,"Factor #114",8.0983,26,259.4892,219548.5,155069.7,19748.58,47659,131118,238907,226910.8,26951.99,412812.1,63148,28287.27,59243,24708.14,396788,97395,435440,137161,141001,51458.6,309744,22734.89,228553.5,24724,27062,115266
"116",115,"Factor #115",8.1002,26,149.447,157810,108633,13418.13,30815.02,86774.71,170591.3,164399,34988.23,290454.2,41899.78,19165.69,39451.23,32047.73,277185.3,67076.3,307469.4,98236.03,97720.64,34015,210612.4,27340.93,158205,16055.32,17078.75,78237.23
"119",117,"Factor #117",8.1608,26,188.2169,123538.7,83640,92188,95796,72327,122077.6,124910.7,72573,216020,86488,94434,69156,63299,194465,89824,219025,92190,109650,72559,185697,70306.08,155219.8,84995,90066,83690
"120",118,"Factor #118",8.1612,26,187.4527,123538.7,83640.24,92188.34,95796,72327,122078,124911,73393.67,216019.8,86487.99,94434.31,69156.49,63299,194465.5,89823.67,219025,92189.87,109649.7,72559,185697.3,70306,155219.8,84995.33,90065.72,83690
"121",121,"Factor #121",8.4225,26,37.24489,8746,5466,787,1487,4289,9548,9253,2563,16975,381.0968,631,320.428,2275,16415,4074,17964,5733,5462,222.1284,12416,2117,9520,565,564,4576
"122",122,"Factor #122",8.6662,26,130.8684,110420,79499,16383,28713,67334,113953,115251,143999,132045,48045,26697,45790,126779,127153,32631,143654,76764,75031,39166,98652,112656,77010,24588,26146,62432
"123",123,"Factor #123",8.6665,26,130.8684,110419.7,79499.15,16382.79,28712.75,67334.49,114118,115251.4,143998.6,132044.5,47905,26696.59,45789.52,126778.8,126734,32630.85,143653.6,76764.22,75031,39166.26,99318.61,112655.8,77010,24587.69,26146.16,62432.44
"125",124,"Factor #124",8.711,26,25.5952,97018.58,15575,2256,3360.74,62405.11,110618.1,13858,136987.2,7811.172,8592.317,23495.93,25435.94,120615.2,127152.6,9316.1,10747.06,5254.498,7943.193,11429,9739.865,110700,7179.609,18868.11,5838.301,48642.57
"126",126,"Factor #126",8.9344,26,107.8571,769,551,788,723.6767,501,726,785,504,1382,443.2978,314.0934,357.2158,527.4341,1283,784,1654,661.8486,677.8378,416.8331,1397,558,1250,296.1152,363.9919,620
"127",127,"Factor #127",9.2427,26,78.1358,7082.484,5640.124,2312,3411.474,5722,7034,6926,5226,10295.68,2415,3631.418,2277.716,5005,9490,2979,11095,5524,5533,2031.7,8094,4507,6564,3326,3847,4718
"128",128,"Factor #128",9.246,26,27.60266,4410.955,3829,1845.161,2475.28,4504.931,4347.417,4169.929,3192.447,5473,1417.054,2154.527,1393.227,3019.693,5653,1751.919,6515.849,3377.44,3362.645,1255.38,4924.112,3041.101,3943.503,2683.225,2723.165,3016.427
"131",130,"Factor #130",9.4035,26,2954,21555,12121,19721,16381,11581,18697,19591,17382,40261,11291,6399,10507,18655.83,38978.8,17730,42499,15927,18607,8716,39700,18153,32868,5157,5048,14138
"132",132,"Factor #132",9.586,26,37.32695,403,287.8337,402.452,405,265.871,410,477,425.6376,730,276.0391,78.95638,266.1572,419.4206,844.1645,399.2883,921,360.8512,331.5109,180.0814,868,404.8066,581,47.49417,70.08036,309.4192
"133",133,"Factor #133",9.6894,26,18.44174,1297.92,1733,1653,1867,1737,1089,1204,1285,1397,332.4431,1382,366.7287,1485,1635,596,1803,1421,1506,360.2756,1697,1572,1403,1961,1705,1438
"134",134,"Factor #134",9.736,26,7.81677,457.5468,246.268,389.566,404,71.02911,477,448,187.7615,680,211.2176,59.68806,167.497,46.11814,843,370.6789,900,316.8403,272.3763,158.5701,843.0016,215.7077,704,106.198,181.9288,264.3034
"135",135,"Factor #135",9.7908,26,16.03941,358.953,201.5142,327.8032,403.2666,240.3982,313.4496,298.3795,100.8587,475,85.3371,296.9023,78.06738,239.0319,471,369.1612,575,286.4813,263.736,132.3874,570.9259,118.9827,405,281.9787,338.569,190.9796
"136",136,"Factor #136",10.1617,26,6.345573,1610,2313,2183,2473,2785,1231,1408,1519,1761,370.7628,1758,361.4992,1690,1840,689,2081,1587,1682,389.9049,1882,1934,1706,2421,2146,1627
"137",137,"Factor #137",10.2429,26,59.60056,852,568,792,779,577.2291,855,769,346.7313,1354,312.2438,666,284.8396,406,1600,920,1728,700,804,332.8822,1589,280.6893,1294,643,585,687
"138",138,"Factor #138",10.3569,26,299.5303,983,584,783.603,747,495.1063,934.6413,943,742.7917,1280,737,658,702,743.601,1435.451,711,1510,878,681,692,1285,706.9403,1157,504.4304,586.4172,667
"139",139,"Factor #139",10.3796,26,907,806.9749,851.9352,745,43.40897,716,899,352.8212,802,679.1373,909,864,939.6116,799.826,979,735.0274,860,514,1180,195.5782,973.2191,920,39.67394,57.57993,580,806
"140",140,"Factor #140",10.4352,26,17.05023,1283,807,1174,1071,727,1179,1203,1083,2165,1075,622,1184,1121,1991,1019,2146,1007,1108,1050,2095,1076,1524,610,550,859
"141",141,"Factor #141",10.5848,26,31.9072,1209,742,993,929,557,1065,1131,807,1786,533,309.1621,547,886,2138,968,2451,1004,739,470.2914,1962,747,1582,278.5309,263.7278,805.1203
"142",142,"Factor #142",10.7408,26,389.8905,132702,82884,112692,106411,73151,127585,129861,117579,142723,134368,103454,127886,127161,144009,85036,159186,102826,93699,115906,134576,115909,129106,99333,98000,93096
"143",143,"Factor #143",10.7408,26,389.8905,132702,82884,112691.5,106411.2,73151.32,127584.9,129861,117579.3,142723.2,134367.5,103454,127886,127161.2,144008.7,85036.17,159185.5,102825.9,93699.18,115906,134576.3,115908.8,129105.8,99333.41,98000,93095.55
"144",144,"Factor #144",10.8304,26,115.4202,6390.506,8133.988,1721,8324.509,9966.441,4377.182,3706.758,3494.388,4965.055,11459.16,4611,2728.132,2949.727,14109.58,10448.87,4119.048,6991.745,3543.487,10229.8,12448.43,2507.22,10437.14,10988.53,9212.852,3094
"145",145,"Factor #145",10.9392,26,204.8859,40709,26919,42382,34870,26030,38371,38038,36114,65344,26412,29836,25525,38974,61867,31740,66450,34422,38715,22572,63405,37478,50704,27090,25802,31706
"146",146,"Factor #146",10.9394,26,8.698765,3469.555,2265.49,2859.555,2795.249,1998.143,3413.409,3334.058,2825.867,3701,2254,2334.059,1861,2824,4792.469,2609.974,5120.025,2880.272,2647.286,1972.498,4705.203,4670,3868.167,2161.421,2134.745,2528.72
"148",148,"Factor #148",10.9583,26,76.12273,8771,4604,14161.48,3565,3871,15349.76,5711.311,3866.014,15467.2,9349.72,8671.85,8474.834,9712.025,24349.89,7629.056,19938.04,13375.06,3224,8690.239,6947,13610.13,20253.63,7676.444,3877,2731
"152",151,"Factor #151",11.1733,26,700,11072,7631,10439,10122,7397,10847,10884,9796,14571,5865,8177,5309.849,9760,15908,9432,17128,9895,9301,4960,14827.63,10009,14552,8198,8403,9065
"153",152,"Factor #152",11.175,26,700.1059,7575.953,7631.325,10439.06,9469.654,7397.027,10319.09,9265.766,6305.166,13979.29,5864.901,8176.599,5310,5661.561,15103,9080.172,6824.835,8171.652,9061.521,4903.619,9689.933,6438.143,12173,7697.057,8403.146,8788.304
"155",155,"Factor #155",11.296,26,28.60709,909,711.9297,1012,939.0741,661,906.3562,950.3111,478.6831,1327.75,396.7536,807,374.3673,617.3703,1573,973,1831,879,890.3154,348.9257,1623,621,1447,916.949,894.3186,863
"157",157,"Factor #157",11.5542,26,69.76061,605,683,824,743,705,644,804,1073,758,332.4528,281.3816,238.1595,1037,624,409.0253,760,509,480,276.4904,656,988,648,230.6823,278.5879,447
"158",158,"Factor #158",11.6438,26,15.14753,401.592,273.7774,355.7713,310.8889,221.1434,403.1567,288.7408,415,627.8419,54.87148,119.2504,17.31824,359,775.7531,380.8493,865.4335,291.4157,319.09,32.85822,692,431,635,110.8292,102.1443,307.6757
"159",159,"Factor #159",11.7737,26,65.76402,851,532,363.0941,504.4512,444,884,782,398.057,1568,56.5562,102.227,24.00769,418,1681,481,1809,545,559,29.18674,1557,347.6362,1186,71.82533,66.25246,430.3407
"160",160,"Factor #160",12.1229,26,179.9256,558,304.8949,226.4366,486,254.7191,448,5.83963,552,389.8901,485,625,441,329.0781,692,573,336.1506,465,453,443,539,570,519,454,566,413
"161",161,"Factor #161",12.9356,26,49.67728,3374,1823,1266,1809,1294,3008,3683,2281,5689,152.7548,2954,111.8209,2022,4475,1696.837,4803,2574,2460,120.7291,4223,2120,3699.214,2708,2845,2148
"162",162,"Factor #162",13.031,26,408,746,203.9081,504,555,42.25244,333.7384,369.9703,653,618,589,417,587,531,1218,2462,393.3207,382.9545,401.9917,448,319.3767,568.0374,974,234.4198,665,388.0643
"163",163,"Factor #163",13.051,26,28.54322,534,281.8397,146.3433,377.5495,119.1385,455.462,452.9984,536.7842,701.6847,32.28786,345.9458,11.73218,609.5277,799.1918,88.49561,730.1363,237.4976,564.6459,34.65011,781,555,617,333.8778,110.8336,510
"164",164,"Factor #164",13.089,26,30.52754,339.3724,468,482.2535,431,396.2839,50.25201,248.1609,216.073,631.7204,106.7564,185.0374,63.05027,287.1219,708,301.1112,715,335.7899,281.8506,31.24939,597,270.44,506,221.9871,164.4991,287.7159
"165",165,"Factor #165",13.471,26,1368,1792,496,1023,1602,357.9955,936,796,1424,1868,1434,1054,1512,1613,1778,2712,1883,1649,1364,1678,2193,2310,1398,1100,1592,1266
"166",166,"Factor #166",13.8062,26,28.25136,1192,974,457,609,677,1148,1129,1122,1167,2632,31.20181,2643,1059,1401,607,1409,564,603,2155,1236,990,921,17.24607,21.63725,531.4403
"167",167,"Factor #167",13.9506,26,46.04003,4263,2492,2484,2342,1829,4103,4198,11.54975,8511,2608,1590,2418,53.6406,9327,3734,9993,2955,3040,2209,8653,112.7089,6880,1517,1417,2564
"168",168,"Factor #168",14.0158,26,24.42678,214.8104,128.1214,66.68383,94.76943,96.17275,341,419,53.07198,669,46.47777,196.8151,92.53555,72.33019,630,401.8623,726.1723,151.4859,137.2617,49.04775,600,109.3968,573,61.87302,195.8117,111.7451
"169",169,"Factor #169",14.1117,26,13.89101,441,270.9961,207.412,155.2422,249.7179,409.7895,389.4776,262.5149,690.4743,184.2649,171.7422,133.2435,246.639,751,378.6814,867,363.3614,326.0461,94.099,576,239.67,679,176.5708,185.3386,388.6322
"170",170,"Factor #170",14.3571,26,48.2959,5312.637,4241.048,2703.439,2749.037,2880.713,5110.466,5124.594,2249.559,9610.593,2464.564,1430.11,2440.993,2374.725,10528.64,5032,11405.45,4677.186,4520.846,2025.006,9269,2151.06,7680,1475.207,1639.62,4166
"171",171,"Factor #171",14.4608,26,46.09971,21511,16664,10580,10870,11757,20506,20947,9503,34657,8819,15497,8392,9408,31160,18131,33162,21294,20444,7164,26880,8671,27485,16433,16736,19409
"173",172,"Factor #172",14.5965,26,127.5143,1828,982.41,892,1001,725,1769,1910,642.3128,4588,96.16654,691,201.6465,627,3799,1648,4311,1418,1277.169,376.7749,3730.579,660,3030,697,663,1090
"174",175,"Factor #175",14.6494,26,508,1641.729,403.7383,710,1002,318.5452,505.4047,755.5218,2220,2901.961,721.9093,556,1674,1580,1695,2239.645,891.9751,891.9053,3421,2037,687.3759,562.2492,608.217,387.8406,1178,462.2007
"176",176,"Factor #176",14.6646,26,410.3411,1086,776,433.942,566.9099,576.2968,1048.653,1038.314,1378.568,1579.555,923,349.1734,908.2905,1118.944,1914.922,1054.289,1930.377,784,884.9962,875.6697,1552.914,1061.922,1421.328,318.8623,1043.173,697.6075
"177",174,"Factor #174",14.6683,26,28.5241,1085.939,776.2523,495.2431,589,576,1049,1038,1146.082,1698,923.1695,189.2634,908,1118.944,1914.922,750,1930,877.9407,843.5405,828.1112,1568,1101.916,1421,144.3636,194.0821,732
"178",178,"Factor #178",14.9546,26,20.6202,932,576,399.3807,410,391.7587,723,730,464,1732,532,818,552,526,786,1233.912,682.3034,680,859,480,658.6911,491.5221,1386,1285,949,667
"180",180,"Factor #180",15.1217,26,31.74998,5619,3713,2390,3076,2404,5528,5629,27252,2906,2526,949,2389,22832,2622,1476,2707,3914,4140,2250,2075,20781,2347,1142,1083,3394
"181",181,"Factor #181",15.3969,26,112.3766,1552,1059,1078.74,971,741.0777,1560,1446,249.8931,3417,824.5889,416.668,529.9458,256.4623,3753,1692,4161,1209.1,1084,663.9727,3578,531.8127,2783,283.0549,260.5069,882
"182",182,"Factor #182",15.4031,26,100.6682,1551.553,1059.266,1110,970.5379,728,1560.259,1445.572,245.8081,3552.922,751,416.668,475,256.4623,3888.262,1750.609,4167.874,1209,1127.022,669,3577.638,531.8127,2988.751,162.5898,201.3845,805.3767
"183",183,"Factor #183",15.4648,26,21.24819,1159,595,652,714,459,1100,1226,994.0166,1789.04,95.63645,1011,83.06427,1138,1476.91,822,1399,1047.658,1093.328,121.2456,1299,957.4149,1171,1138,1087,948
"184",184,"Factor #184",15.47,26,26.15375,376.7389,595.1992,652.4574,725.5883,479.3469,970.5656,498,1024.164,1368.091,337.3122,1010.601,312.0629,978.4849,1042.969,821.9609,1232.242,922,929,246.1994,1154.047,574,933.2512,943.9019,1134.513,435.6905
"185",185,"Factor #185",15.4846,26,22.56841,443.2536,260.6557,193.2715,239.5402,172.2077,384.0819,411.5283,408.7343,599,450,266.2212,432,497.8504,636.6843,291.579,445.1441,430.7919,435.2292,355.756,443.6573,400.3408,609.2619,310.5,363.0529,511
"187",187,"Factor #187",15.569,26,18.46201,3639,2247,1532.481,1859,1277,3408,3520,12575,2813.81,1207,1023.235,1227,12278,2664.098,1268.836,2742.353,2942,2730,1134,2253.558,10915,2249,1016,1056.836,2494.137
"188",188,"Factor #188",15.6669,26,133.2913,2499.478,1444.077,1093,1274.048,859,2428,2325,1824.173,4006.041,727,1621,772,1918.038,3711,2077.793,3940,2332.115,2191,711,3176,1521.099,3165,1646,1620,2019
"189",190,"Factor #190",15.8,26,27.46923,1567.863,758,858.2458,994.4874,713.7072,1489.873,1205.572,1116.445,1875.442,538,768.2082,947.4695,1278.144,1919.49,1107.32,2046.377,1163.054,1214.653,884.0884,1633.411,1073.885,1595.258,949.2835,1031.286,1089
"190",189,"Factor #189",15.8012,26,27.46845,1393,1159.289,926.339,754,734.8893,1516.729,1562.967,1134.878,2543.121,699.2336,768.2082,813.8611,1287.269,2280,1339,2848,1163,1413.49,781.0222,1942,1164.642,1873.817,957,1029.888,1283.681
"191",191,"Factor #191",15.8138,26,29.48074,1571.595,1159.289,881,1103,714,1517,1544.238,1134.878,2543,836.5633,811.1637,1032.702,1287.269,2280.283,1107,2455.348,1439.012,1413,781.0222,1853,1165,1874,1045.44,1044,1283.681
"192",193,"Factor #193",15.8183,26,31.76257,1572,1032,925.1577,1102.52,713.7072,1516.729,1441.505,1134.878,2468.679,1077.713,965,1047.066,1129,2256.277,1084.81,2395,1237,1365.849,946.1995,1853.342,1168.605,1848.03,1191,1044.057,1283.681
"193",192,"Factor #192",15.8225,26,13.72273,1349.312,1087.121,834.9823,994.4874,660.6647,1246,1404,946.1187,2810,1078.948,1266.976,1047.066,1150.056,1876.02,1200,1883.957,1257.786,1631,884.0884,1524.098,1073.885,2198,1952.298,1392.964,1291
"196",196,"Factor #196",15.9131,26,749.8574,6638.213,3323.215,3493.668,3647,2005.881,6084.291,7183,9520.575,11178.17,1397.123,3022.422,663.2532,8892,10041.35,5341,9690.086,5326.348,5773.135,1370.658,8229.589,8752.917,8261.59,3549,3474.852,4337
"197",200,"Factor #200",15.9237,26,1607.326,3081.362,1214.26,1487,2243.792,835.9823,1992.486,2099.147,7001.275,5888.613,2852.41,1953.978,2003,3105.558,3115.018,3658.753,3510.167,2526,6205.533,3621.268,3653.302,3710.945,2207,1562.753,2124,2161.775
"198",197,"Factor #197",15.9271,26,1124,2840.143,1618,1365.684,1354.333,954,2225.747,1251,33185,11411,3511,1805,1377.093,3155.864,3382.094,2046.209,3372.739,1770.576,32571,9640,4588.917,3510.609,2755.402,1224.891,1454.404,1197
"199",198,"Factor #198",15.9304,26,1180.619,2663.353,1282.293,1422.466,1420.082,953.8315,1709,1478.948,7343.722,7764.675,3510.811,1805.118,1399.406,2233.662,2446.997,2355.927,2758,1967.575,8399.909,6338.598,4588.917,2549,2207.399,986.8116,1483.263,1614.361
"200",199,"Factor #199",15.9358,26,1141.874,2404.691,704,1164.744,1194.859,680,1815.089,1185.029,3008.453,5113.829,2852.41,1625.536,1399.406,1694.169,1950.388,1668.052,2019.292,959.0383,3567.078,3958.759,4589,2115.818,2051.528,77.48055,1064.383,1197.048
"202",201,"Factor #201",15.9763,26,40.02912,1882.04,1783.047,1407.755,1549.573,1199.566,2577.413,2593.934,604.7873,4842.236,655.4172,785.8399,516.6154,574.8795,5815,3037,6052.712,2580.116,2353.597,460.7167,4936,571.7948,4551,841.4785,892.3239,1626.583
"203",202,"Factor #202",15.9777,26,80.09815,2946,1860,1534,1745.679,1200,2886.536,2886,739.213,6131,764.7248,886,679.5383,741.027,6156.805,3247.03,6964,2846,2760.891,717.5957,5169.206,682.5476,4584.835,896,1028.013,2438
"207",207,"Factor #207",16.0781,26,69.50467,3548,2229,1901,2087,1440.678,3380.947,3420,2717,6084.267,2451,1443,2378,2506,5538.291,3120.343,5628.318,3147,3110,1926,4372.062,2200,4695.766,1589.672,1549,2728.129
"210",210,"Factor #210",16.1394,26,40.45669,695.8572,254.3012,261.5003,408.2327,133.4203,594.0163,555.6181,513.0014,978.4647,264.736,1800,277.9052,557.4684,497.3472,459.3137,535.3724,893.241,868.7894,805.1702,469.2241,454.4015,877.9192,2193,2192,666.0345
"211",211,"Factor #211",16.16,26,62.15306,1148,235.8883,694,570,418.9265,866,933,961.0574,2130.655,28.47857,169.0074,27.4635,993.1868,2336.275,1073,2668,713.5298,803,109.8689,2123,847,1846,161.0565,204.2259,826
"212",212,"Factor #212",16.3446,26,133.2944,6950.059,4716.493,4066.771,4110.883,2669.457,6863.078,6824.503,5341,10285.28,3460,4997,3288,5642,9479.745,5803.721,10163.6,6510.68,6147.003,3041,8032.195,5016,8014.575,5201.84,5382.057,5468.142
"213",214,"Factor #214",16.3454,26,126.5246,6950,4716.493,4067,4117.072,2669,6863.078,6825,5340.857,10285.28,3500.767,4997.35,3288.089,5556.92,9568.211,5700.387,9924.995,6510.68,6147.003,3040.665,8032.195,5016.434,8014.575,5201.84,5382.057,5468
"214",213,"Factor #213",16.3463,26,114.3648,6950.059,4716,3971.863,4117.072,2669.457,6863.078,6824.503,5221.184,8596,3323.471,4831.553,3103.624,5074.277,7301,4863,7894,6238.684,6147,2982.72,8032.195,4797.686,8015,4948.914,5285.793,5335.248
"216",216,"Factor #216",16.3787,26,44.00003,2185.709,1462.898,1105.244,1475,852.1746,2097,1812,1330.768,3063,2334,1184.355,2213,1361.99,2095.419,1659,1549.765,2198,2546,1954.77,1169.601,1156.32,2418.91,1305.819,1216.032,2424
"218",218,"Factor #218",16.5917,26,148.3867,8091,6889,7238,8324,6119,8525,8526,16544,8132,2707,12417,2527,17526,5090,3693,5180,7988,8298,2457,4180,16698,6003,14096,14963,7817
"220",220,"Factor #220",16.6929,26,56.44035,817,845,1086,1073,1042,791.4076,674,694.2481,1301,843,297.4753,735,743.8402,1414,771,1527,717.1354,694,848,1441,853,1154,374.5071,366.24,526
"222",222,"Factor #222",16.7921,26,23.72628,1467.246,494,1083.545,803.6696,1005.561,1442.681,558.8946,1615,1364.977,378.911,2753.301,374.8269,1537.874,401.2278,744.5585,489.9677,1058.099,1540.426,319.2477,246.3986,1837,1052.809,2992.842,2302.598,970.801
"223",221,"Factor #221",16.8087,26,42.91139,1990,1516.899,1569,1560,1126,1970,1964,4166.307,2026,688.5217,2899,658.4706,3867,1201,982,1137,1970,1836,608,963,4206.527,1534,2993,3058,1690
"224",224,"Factor #224",16.9475,26,8.186818,308.2671,228.7211,303.3373,194.4159,175.8171,352.15,400.4497,206.3146,538.0697,671,162.6776,638,333.2543,475.9762,288.5994,457.2074,358.7448,281.5919,644,622.2849,369,458.3498,11.22291,145.9686,161.1385
"225",225,"Factor #225",16.9812,26,23.5978,772.0596,512,273.4122,415.4777,105.0475,767,788.3123,25.90156,2028.381,78.60689,115.5919,84.80921,42.98535,1313,938.3214,1193,1377.801,1289,290.789,848.6023,46.93292,1257.179,293.108,136.9337,1338
"227",226,"Factor #226",16.999,26,120.9981,871.6042,509.8319,671.5032,655,398.5986,1050.072,843.191,81076.87,1782,9714.143,5684.959,2915.912,1349.33,2495.59,1421,2414.345,891,6363.96,26860.39,2136,6818.935,1693,1145.709,1078.25,687.2751
"228",228,"Factor #228",17.0035,26,378.1222,520.2387,256.3517,2036,1077.46,998.933,505.0254,499.0461,100773.2,15921.65,11629.12,8325.748,3701.277,1729.052,1351.231,528,1281,501.6695,89336.76,36481.77,5847.308,8459.913,1510,1599.622,1433.24,397.9651
"229",229,"Factor #229",17.0069,26,684.3625,874.4911,891,2859.701,886.9478,622.5591,814.1217,664.4456,98969.8,15618,16983,8217.902,4498.101,1921.835,1352,1112.462,1450.13,870.4077,24541.16,26644,13907.4,10623.35,4887.175,1666.577,1409.395,988.1708
"230",230,"Factor #230",17.015,26,1181,4675,1729,4544,1772,1547,1681,1250,154783,72410,27094.26,14108,6934.157,2810,2816,2599,2297,1539,138988,56130,31979,18695,9423,2428,2172,1925
"231",231,"Factor #231",17.0638,26,695.9699,981.3084,637.6183,759.8207,674.5267,573.5048,1062,805,3951.218,42429.87,12574.78,1536.877,3308.951,1686,1108.395,1218.963,1042.278,744.1179,66614.45,16547.24,14465.61,1748,1179.629,672,629.6935,670.4164
"232",232,"Factor #232",17.1573,26,31.46114,470.4177,291.2901,404.1006,456.7045,304.857,471.6927,458.2099,798.0867,566.6243,126.4826,1052,99.2537,659.788,351.8444,275.2066,242.1062,526.0444,580.7825,135.7469,277.0325,605.5288,470.0399,1024,1096,539
"233",233,"Factor #233",17.2721,26,57.56445,379.1963,206.2144,299.2247,205.754,186.9305,377.0438,443.7021,859.4245,625,125.34,198.8959,121.4618,886,651.0492,417.2157,574,424.8586,396.0871,143.7195,576,773,480,172.823,187.441,284.9923
"234",234,"Factor #234",17.4637,26,422.7551,4296,2520,3075,2667,1681.529,4441,4201,3325,7407,5696,1045,4424,2980,7864,4767,7903,3509,3019,4920,7103,3724,5724,851,619,2110
"235",235,"Factor #235",17.6058,26,121.6257,412.3228,190.915,295.1748,253.8274,118.0335,399.8396,433.5236,440.2731,514.8875,325.1617,388.0191,272.3758,485.5973,583,412.7523,623.2961,402.4253,320.4297,319.3691,605,404.3034,486,370.8585,365.5402,339.2017
"236",236,"Factor #236",17.6542,26,2241,4197,1505,1881,3110,1149,3133,3119,7722.609,4350.02,3901,3833.795,2721.858,2061,2233.051,3122,3288,2674,4158,2650.616,2453,2510,2337,1564,1979,2624
"237",237,"Factor #237",17.719,26,900,290.1671,28.76204,304.6161,183.5292,18.91745,198.1823,265.1543,423.345,468,409.1969,438,361.0723,242.5095,365.3559,393.3278,287.7072,327.5147,323.9797,300.5645,281.6046,399.6031,279.9211,188.3642,178.6959,162.715
"238",238,"Factor #238",17.7662,26,102.414,456.6888,255.6959,430,293.6077,226.7218,349.9473,315.4046,490.0444,991,380.9517,287.0907,194.0963,239.677,825.895,501,891.4745,404,534.1251,290.4474,798.9404,296.0074,732.1294,204.2947,273.8954,315.8523
"240",241,"Factor #241",17.9494,26,1046.472,34696.6,2452.896,31482.19,6595.004,2991.505,1214.077,779.3426,392602,274205.3,133029.1,80629.89,52006.86,19209,13389.86,8610.717,5925.424,3553.375,325710,153678.5,100321.2,82949.41,53141,16287.6,13728.64,10195.3
"241",240,"Factor #240",17.9498,26,1046,34697,1775,31482,6595,2992,985,935,392602,274205,133029.1,80630,52007,19208.9,13390,8611,5925,3553,325710,153679,100321,83868,53141.29,16287.6,13728.64,10195
"242",245,"Factor #245",17.959,26,582.3458,8182.402,1212.479,7505.932,2869.56,1428.782,518.7111,567.973,210858.4,102790,19829.45,35261,11023.17,6798.803,4605.328,3471.582,1998.798,1662.881,69340.33,34527.42,28121.2,15813,14989.35,6252.796,6641.915,3286.718
"244",244,"Factor #244",17.9665,26,565.6027,2106.548,837.2274,4362.534,541,877.7193,776.0647,733.4489,193509.3,58296.05,55204.47,8213.198,5663.31,2559,1943.293,1003,1548.4,1252.367,112473.3,55722.17,17024.32,16247.51,4295.429,2361,2590,1338
"245",242,"Factor #242",18.0029,26,434.1749,1916.678,323.4665,1164.299,590.8926,251.9605,320.7542,285.226,6344.097,5521.815,3610.639,2270,1852.693,1284.615,1199.585,1243.35,1078.567,683.4307,5879,2379,2482.542,2463.466,2049.547,880.8413,1112.819,878.2723
"247",247,"Factor #247",18.0692,26,1122,1203.046,344.8448,552.3713,518.9966,237.668,394.586,295.7631,3634.346,3011.604,2302.794,1716.405,1348,1167.611,897.8466,1107.058,1304,799,3785.443,1573,1436.262,1471.963,1309,631.1023,1066.836,623.0867
"248",248,"Factor #248",18.1231,26,1746.823,910.96,404.734,543,624.3429,318.1663,529.0631,479.5877,2286.109,1824.727,1161,2037.756,1053.448,846.296,1218.039,1454.545,924.8156,709.4076,2124.597,1138,963.2069,1023,1067.857,761.4679,844.9123,626.5142
"249",250,"Factor #250",18.1263,26,2116,911,451,486.995,665,321.4598,605,492,1741.333,1824.727,1488.557,2038,1053,860.8089,1220,1571,1025,836.3944,1433.732,982.6428,835.157,1277.786,1192.428,855,830,577
"251",249,"Factor #249",18.1363,26,437.7428,634.8723,126.5224,542.6994,142.3912,80.06886,97.93322,78.09598,2509,1474,757,980.1905,417.2339,492.2133,615.0725,571.1495,466.5317,387.4222,2124.597,882.2318,965.5232,784.0801,683.4295,233.207,345.9148,195.7558
"252",252,"Factor #252",18.2615,26,2549.925,565,270.904,11.59504,11.96489,198.8458,389,303.594,762,1091,1184,1643,1004,463,841,856,634.7216,627.2241,989.0558,560,25.19481,641,671,594,874,339.5223
"253",253,"Factor #253",18.301,26,2550,389.7224,221.1396,292.6313,192.3087,12.47745,539.054,335.328,864,912.9513,1199.14,1111,1021.351,574,960,881,692,292.8943,1000,372.5344,452,783.3129,628,652,851.1672,417
"255",255,"Factor #255",18.4058,26,2159,664,326.3099,387.1721,59.79133,138.7169,453.7914,316.2043,735.1972,897.7242,1102.279,1420,815,674.2166,760,859.6022,566,542.1524,875.7115,496.0842,321.5522,712.0389,11.71462,672,941,431
"256",256,"Factor #256",18.4346,26,632.5197,718,263.1691,411,391,180.1569,365.0852,250.1471,888,1373,1049,1045,769,802,607,857,1003,635,870,638,675,855,1012,438,767,405
"257",257,"Factor #257",18.5927,26,1778,521.555,231.0735,254.0972,208.6394,172.1547,390.1074,256.2197,616,809,748.6888,1334,759,530,522,748,528.7796,518,595,428.3977,469.4212,577,374,554,866.0334,354.3425
"259",260,"Factor #260",18.7819,26,1672.606,96976,9133,88503.19,24637,12997,1403.869,1265.762,542011.7,475509.2,263553.1,175122.3,127206,70125.3,58203,39015,30395.72,17808.26,485901.3,243441.1,157306.2,173364,116623,50447.58,48109.92,36113
"260",259,"Factor #259",18.7829,26,1584,96976,9175,88503,26610,12997,1404,1266,542012,475509,263553,174957,127206,70125,59831,39015,30396,17808,485901,243441,157306,173364,116623,50448,48110,44030
"263",263,"Factor #263",18.9088,26,3738,1439.532,548,708,578,464,665,375,1305.746,2124,2281.499,3056.538,1799,1353,1588.838,1900,1329,1265.262,1515,1070,956,1585,1357,1473,1864,877.6474
"264",264,"Factor #264",18.925,26,2001.189,652.2267,395.3691,707.5117,294.401,469.5963,264.271,301.4087,1078.071,1582.581,1291,1891.934,903.0537,801,719.7578,1191.111,737.6029,776.1824,1411.983,1114.538,588.2543,889.7791,778.5343,664.9218,1026.958,498
"265",265,"Factor #265",18.935,26,1519.061,941,288.0421,676.758,298.7096,212.6096,235.6065,202.806,2499.461,2247.987,1720,1867.551,1076,885.3548,930,974.1733,777.995,544,2211.462,1411.55,1221.386,1198.37,1055,664.9218,633.8176,589
"266",266,"Factor #266",18.9367,26,1152.753,941.1852,274.7575,648.587,298.7096,197.7198,226.2517,161.3804,2433.84,2279.949,1709.026,1908.269,1086.946,885.3548,929.6732,1012,832.6433,543.715,2211.462,1311.285,1127.789,1168.719,1101,682,633.8176,579.2763
"267",267,"Factor #267",18.9427,26,992.09,788,299.1675,648.587,350.578,225.0428,190.6958,146.4824,1572.284,2279.949,1669.062,1267.487,931,885.3548,899,974.1733,832.6433,543.715,2211.462,1433.748,1171.378,1198.37,1077.042,664.9218,633.8176,589.4363
"268",268,"Factor #268",18.989,26,2022,3427,1580,1582,2214,1050,2927,3130,10659,5986.946,3866,2894,2044,1878,1640.573,2503,2716,2810,5095.274,2910,2232,2473,2349.503,1523.735,1334,2148
"269",269,"Factor #269",18.9929,26,2022.475,2861.07,1620.228,1582.375,2058.131,1049.769,1612.69,2941.956,9482.857,5312,3866.214,2629.03,2044.364,1404.769,1525,1817.482,2156.11,2810.223,4508,2910.084,2261.352,2472.913,2007,787,1386.451,2148.091
"270",270,"Factor #270",18.9969,26,449.7,970.8128,306.2392,427.9914,272.8986,123.7771,195.7409,75.30364,1704.585,1629.15,1272.751,1267.487,893.1002,789,775.9775,537.6723,633.3157,483.4027,1664.6,1058.161,812,921,785,455.9395,535.3177,493.8165
"272",273,"Factor #273",19.051,26,3062.473,1370.493,602.8132,729.9712,608.4783,356.8776,647.1824,442.3499,1467,2108,2618.048,2933,1851.11,1562.808,1613.85,1874.963,1740,1402.312,1446.921,1295.132,1193.917,1827.428,1471.649,1644.016,1761.876,935.7669
"273",272,"Factor #272",19.0523,26,3558,1530,626,700,636,453,662,495,1466.87,2108,3024,3325,2172,1803,1799,2136,1918,1728,1447,1100,1194,1950,1699,1927,2611,1036
"274",274,"Factor #274",19.1398,26,1370.416,728,302.8392,387.0778,191.6986,137.0982,268.4081,90.53176,1384.051,1506.934,1307.006,1486.502,954.0801,559.8433,898,946.6948,867.1833,412.9998,1212,958,943,1129.339,923.1229,646.2505,679.8759,361.0318
"275",275,"Factor #275",19.2144,26,2140,876.0545,239.139,423.4251,414,75.36864,445.2011,272.676,799.3741,1307.447,1814,2003.406,1521.356,957,1082.373,1246.066,1131.117,955,948.6349,778.5094,710.1469,1248.691,1015.55,1251.634,1574,558
"277",277,"Factor #277",19.2394,26,3321,901.045,436.7592,648.0887,459.4868,286.4016,474.7249,339.3978,1670,1570.351,1700.046,2626,1237.701,1095.019,1402,1720.404,1442,946.545,1310.035,1029.434,1048,1578,1166.309,1137.53,1036.877,737.9162
"278",276,"Factor #276",19.2406,26,5750.22,954,450,648.0887,496,341.1923,695,525,1860.819,1570,1700.046,3288.299,1218,1124,1489.655,1922,1476.171,1311,1345.114,1029,1036.64,1551.19,1222.805,1347,1207.845,738
"279",280,"Factor #280",19.2412,26,5750.22,948.5542,505.6281,660.2759,489.9324,321.7094,695.4564,524.8512,1871.955,1570.351,1673.713,3288.299,1238,1124.465,1489.655,1938.517,1476.171,1184.527,1329.062,1021.961,1036.64,1551.19,1222.805,1236.289,1224,654
"280",278,"Factor #278",19.2421,26,5750,949,496.7286,648.0887,495.5546,341.1923,695.4564,524.8512,1872,1570,1451,3288,1237.701,1095,1530.858,1939,1476,1210.248,1312.377,973,846,1551.19,1222.805,1342.893,1208,717.6065
"282",282,"Factor #282",19.4087,26,1980.208,719,103.681,113.482,103.764,270.6886,174.8827,94.51076,704.5072,1023.553,1413.596,1778.555,1180,919,927.7978,1092,980.9198,890,750.9722,164.5345,164.7831,1016.102,218.2182,1125,1239.576,506.0437
"283",283,"Factor #283",19.4252,26,13420,2245.101,1310.62,1374,1367.685,765.6361,1578.48,1296,4154.746,4217,4276.136,7091.507,3149.636,2472,3233.74,4637.638,3597,2904,3156,2146,2038,3497,3251,3012,2915.133,1719
"284",284,"Factor #284",19.426,26,13474.35,2264.511,1310.62,1373.513,1367.685,765.6361,1578.48,1295.872,4154.746,4217.28,4276,7091.507,3149.636,2497.937,3233.74,4329,3597.167,2722.305,3155.747,2227.144,2173.512,3496.973,3132.847,3011.772,2915,1726.27
"286",286,"Factor #286",19.4525,26,11786.72,2117,1432,1304.563,1473.785,857.5677,1796,1431,3716.924,4032.609,4112.628,8068,3474.924,2640,3872.998,4309.026,4087,3473.64,3020.177,2160.376,2311.432,4061.163,3485.743,3532,3433,1747.681
"292",290,"Factor #290",19.5475,26,23818.87,96697.94,17787,88885,38978.11,24364,2731.485,1608,485094.7,457765,252801.4,194209,131123,76164,75728.39,52239,50033,29837.32,491671,258308,149040,181798,116822,58506.9,59575,61127
"293",304,"Factor #304",19.5475,26,12845.33,56359.97,11455.72,58067.42,25548,16864.47,1539.917,1073.409,344641.1,325311.7,173838.9,132505.1,88060.19,51491.25,41690,27229.89,27589,19913.97,339875.3,173653.4,89746.83,124286.3,62983.01,41665.94,39542.66,33440.17
"294",303,"Factor #303",19.5496,26,17184,85024,8359,49367.19,21967,13786,1876.75,1041.72,335109,277111.2,125686,112569.8,74977.12,43751.5,38058.74,25689.03,19750,14076.12,290777.5,150193.2,80791.72,106239.1,59750.35,34379.92,34917.68,31496.47
"295",301,"Factor #301",19.5498,26,27296.41,96698,17052.85,88885,38978.11,24363.71,2997.802,2343.547,485094.7,457764.8,252801.4,194208.5,131123,76164.02,73287.48,50351.02,50033,24083.23,491671.3,258307.5,149039.8,181798.1,116822.1,58506.9,59574.83,61127.21
"296",300,"Factor #300",19.5537,26,27296.41,12013.16,3128,10551.27,5874.182,3906.781,2997.802,2433.647,70739.01,59435.26,34605.2,25323.09,16145.05,9878.49,10709,8462.984,6472.816,5184,65531.85,34508.3,17692.74,22184.12,14280.7,9308.187,9909,6332
"297",299,"Factor #299",19.5556,26,27406,48360.46,2806,45352.85,20519.53,12756.7,3044.626,2460,259713,180251,97806,87012,67675.71,73364,7310,11470,7731,16007.98,259370.1,135517.4,74759.71,94897.8,116822,31520.49,31397.69,30125.31
"298",289,"Factor #289",19.5565,26,12108.53,20773.52,2153.97,27559,4275.993,3331.311,1567.99,1254.338,277557.4,261522.9,21753.93,54771.69,39208,15123.81,19617,17977.82,16783.93,13913.67,280812.7,147519.4,21432.8,21549.05,31496.97,11668.23,11264.04,19000
"299",305,"Factor #305",19.586,26,27406,4166.624,2436.587,2582.477,2322.397,1590.033,3044.626,2433.647,6466,6668,7117,12816.21,5333,4722.017,5931.268,8462.984,6472.816,5183.59,4706.768,3706,3717,6299.3,5485.352,5130.387,4831.733,3389.884
"301",293,"Factor #293",19.5879,26,23334,33738.05,17052.85,25110.96,14704.24,19687.48,2987,2460,55086.11,48264.28,54916.02,82417.22,43855.44,36717.33,45610.34,12282.33,46308.77,22300.29,41261.18,38987.88,37632.61,52974.12,49238.28,29332.07,27071.91,29368.68
"304",292,"Factor #292",19.609,26,17067.04,7563.007,3162.26,1451,2968,2326.605,2987.229,2460.282,13357,13089,6400,18446.64,9489.069,2338,2669,12282,3649,6888.436,11634,8580.924,3402,10901,9261,6309,6812.22,3211
"305",306,"Factor #306",19.6269,26,25079.94,3251.105,2176.705,2403.31,2323.588,1590.704,2460.427,2408.168,6291.047,6416.175,6402,10814,5127,4334.538,4465.926,7438.234,3016,5006.245,4195.278,3136.085,3161.96,5832.936,4563.861,4393.875,4482,2925.627
"307",307,"Factor #307",19.6927,24,14769.63,2195.745,495,935.718,925.4452,0,1503.009,879.1087,1444.014,2300.53,3167.389,1702.338,3138.408,2330.184,1270,2097.243,2971.397,1156,1323.074,1475.506,1553.435,1232.481,2739.809,0,1376.211,1606.599
"308",309,"Factor #309",19.7585,26,6933.991,2012.776,1010.288,1336.848,1001.129,637,877.6374,810.3347,2646.515,3168.569,3270.675,3854.466,2504,2176.249,2181.362,2521.179,2863.678,1981.693,2567.491,2100.325,2023.881,2731.104,2324.831,1579,1803.206,1403.913
"309",308,"Factor #308",19.7596,26,4156.462,2013,999.9826,1309,1010,636.983,781,739.1716,2741,3169,3271,3854,2504,2176,2181,2521.179,2868,1982,2566.414,2100,2020,2731,2348,1578.798,1773.386,1404
"310",310,"Factor #310",19.7658,26,3801.115,1827.144,857.7409,1353.96,1009.545,491.1072,811.5855,610.3817,2704.268,2799.329,2853.853,3692.492,1960.376,1853.743,2047.536,2176,2490.837,1947,2567.491,1972,1321,2587.429,1982.543,1585.544,1803.206,1403.913
"313",314,"Factor #314",19.8119,26,13438.68,1728.511,1087.33,1177.51,1000.295,617.0903,1531.674,1102,3235.976,2865.836,2929.766,5217,2543.383,2096.537,2441.202,3389.407,2816,2434.673,2268.091,1716.192,1627.523,2658.61,2364.251,2241.403,2060.113,1392
"314",313,"Factor #313",19.8121,26,13439,1729,1092,1178,970,617,1532,1129,3235.976,2866,2930,5206,2543.383,2097,2421,3369,2816,2435,2268,1748,1675,2471,2364,2241.403,2060,1392
"315",315,"Factor #315",19.8142,26,6858.909,1514,883.6792,1201.878,937.5155,584.0886,933.2238,770.0569,2985,2865.836,2796.796,3919,2346,1941.672,2357.46,3389,2596.858,1987.638,2268,1747.745,1666.303,2481.437,2287,1841,1660,1340.977
"316",316,"Factor #316",19.9013,26,3622.414,922,485.3709,678,433.7933,265.7573,420.3957,286.5393,1703.214,1844.854,1592.569,2239.156,1358.387,1135,1062.266,1537.792,1344.323,1018,1387.114,1016.306,837.3138,1330.306,1335.776,822.1716,912,832.6802
"318",318,"Factor #318",19.9535,26,8108,1194,780,659.5623,590.3768,404.2751,1009,820,1903.145,1593,1839,3113,1418.77,1191.164,1490,2119,1787,1494,1373,1237.65,968,1579,1309.06,1355,1210,864
"319",319,"Factor #319",19.9825,26,7907.969,1059,788,659.5623,576.4718,443.7027,952,806.9863,1848,1603.14,1894.462,3007.094,1526,1173,1312,2092.285,1605.183,1418.043,1456.984,1238,982.3683,1449,1389.084,1357,1182,877.1246
"320",320,"Factor #320",19.9838,26,7907.969,1058.522,788.3526,680,576.4718,416,952.2365,806.9863,1848.243,1773.256,1894,2995.492,1526,1179.098,1311.935,2080.079,1605.183,1418,1457,1248,982.3683,1449.082,1389.084,1357,1182.231,878.0964
"322",322,"Factor #322",20.074,26,1413.284,973,525,672.2185,630,388.9744,379.8935,381.7472,1054,1404,1520.753,1554,1114.03,986.2028,1125,1087.214,1384.609,899,1184,1082,845,1181,1119.587,616,838.9019,713
"323",323,"Factor #323",20.086,26,1724.885,853.0446,472.9179,574,565.2674,355.1008,661.0005,624.8128,1147.68,1253.968,1424.027,1295,1019,842,930.4133,1233.559,1170.719,1005.515,1110.922,1039.777,804.42,998.9542,989.0041,774.8161,577,711.6506
"324",324,"Factor #324",20.091,26,1269.255,678.5226,427.8911,456.5721,358.7712,192.3114,661,629,806.2419,836.5151,994.9774,1294.672,818.7821,691.6176,860.9307,1305.84,971.6805,939,705.8497,710.4246,576.1592,675.0354,710.5202,674.3178,577.3674,570.5553
"325",325,"Factor #325",20.0913,26,2127.335,753.4708,427.8911,515.6056,423.9612,233.8563,640.5144,628.7889,1035.63,1040.435,921,1294.672,938.5448,761.9222,755,1233.559,1092.673,1005.515,653,835,672.8065,853.9655,720,626,699.0976,628.0357
"326",326,"Factor #326",20.1281,26,684,902.8546,720,513,463,454.7937,733,620,3874,1822,1401.59,900,684,590,592.5998,655.9008,679.8978,868,2364,1088.246,964.3584,701,709.0206,593,517.7864,550.8617
"327",330,"Factor #330",20.2827,26,2145.669,52215.5,11399.35,44335.27,25363.42,2285.225,1789.831,2067.578,273004.5,212070,149767.2,118190.1,75895,8922.564,37475.71,20885,19760.49,11206.56,343354.7,170078.6,100280.6,105626.4,55124.04,16313.29,24575,19416
"328",327,"Factor #327",20.285,26,4560,52216,12561,49783,25283,17502,2649,2080,291022,279929,149767,118190,75895,40306,41420,29526,31004,18182,343355,179041,100281,105626,68885,33632,34286,39384
"329",329,"Factor #329",20.2865,26,4559.874,52215.5,12561,43182,22475.51,16701.37,2631.717,1847.512,291022.4,279929.1,149767.2,109565,5223,39681.07,41892.39,20885,26436,11206.56,343354.7,170078.6,100280.6,105626.4,65773,33632,34285.96,36167
"331",328,"Factor #328",20.3487,26,232.3229,1402.533,508.2252,537,954.9216,600.2589,161.6363,55.65432,3052,4829,2614,2206.058,1187,692,1159.489,1012.664,1095.717,807.0666,3634,3940.058,2643.011,2438,1952.632,1058.603,1197.049,1231.733
"333",336,"Factor #336",20.7448,26,619,590.2317,428,581.2114,502.6554,519.1326,556,675,920.812,792,814.952,643.8229,607,538.7445,609,633,620,532.1438,566,538.009,490.0362,598,530.459,480,449.6409,395.5369
"334",339,"Factor #339",20.7471,26,712.8075,566.5929,427.2137,518.7462,248.5424,502.285,774.9187,815,713,862.9094,814.952,643.8229,390.5267,451.6963,521.6504,632.5047,633,403.7238,499.5557,519.1865,647.9192,396.0686,384.9761,315.1401,433.0123,333.3018
"336",337,"Factor #337",20.7977,26,753,664.318,557.5566,409.4665,532.9519,340.6942,977,857,932,863,661.208,759.7313,646.8335,698,720.29,746.8064,675,587.541,494.8397,539.5672,729.1869,587.3583,508.1575,436.9448,440.7863,556.2293
"337",334,"Factor #334",20.84,26,895.8885,760.31,487,592.8431,614.5438,533,1005,818,1055.694,864,728.1917,789,637,722,756,794,816.9913,676.9048,756.5588,564,710.6976,561,566,570,604.6098,603.4051
"338",335,"Factor #335",20.866,26,883,813,572.9109,642.5804,675.5211,612.928,1079,1120.521,847.6342,1155.793,800,758.8788,624.0586,699.4708,810,863,739.9851,686.1619,540.4142,595.6586,995,803,596,478.8801,468.5603,527.8878
"340",342,"Factor #342",20.8971,26,841,831.9816,700.5062,678.8857,656.4779,592.8701,648.6306,816.4467,853.5295,856.4696,787.3075,803.5195,706.955,788,599.0692,650.4964,910.1407,725.7257,728,689.1785,627.8248,725.5024,595,684.659,714.0411,541.1509
"342",333,"Factor #333",20.9375,26,1120.942,852.8746,685,803.3787,656,866.7931,1382.642,1274.903,1199,1257,1093.906,906,1059,918.3418,765,1027.18,888,963.6402,799,758,1025.723,932.8312,733.7822,766,782.3415,693.1163
